Title,date
"Neon Genesis Evangelion: Season 1: Rain, After Running Away",4/2/21
Studio 54,4/2/21
Jeopardy!: Season 34: Episode #7740,3/14/21
Jeopardy!: Season 34: Episode #7606,3/14/21
iCarly: Season 2: iGo to Japan,3/12/21
iCarly: Season 2: iDate a Bad Boy,3/12/21
iCarly: Season 2: iFight Shelby Marx,3/12/21
iCarly: Season 2: iQuit iCarly,3/6/21
iCarly: Season 2: iPsycho,3/6/21
iCarly: Season 2: iBloop,3/6/21
Good Girls: Season 1: Atom Bomb,3/5/21
Good Girls: Season 1: Borderline,3/5/21
Good Girls: Season 1: Mo Money Mo Problems,3/4/21
iCarly: Season 1: iPromote Tech-Foots,3/4/21
iCarly: Season 1: iGot Detention,3/4/21
iCarly: Season 1: iRue the Day,3/4/21
Good Girls: Season 1: Pilot,3/4/21
Behind Her Eyes: Limited Series: Chance Encounters,3/4/21
New Girl: Season 6: Last Thanksgiving,3/2/21
Emily in Paris: Season 1: Cancel Couture,3/2/21
Emily in Paris: Season 1: An American Auction in Paris,3/2/21
New Girl: Season 6: Ready,3/2/21
New Girl: Season 6: Jaipur Aviv,3/2/21
New Girl: Season 6: Homecoming,3/2/21
Emily in Paris: Season 1: Family Affair,3/1/21
Emily in Paris: Season 1: French Ending,3/1/21
Emily in Paris: Season 1: Ringarde,3/1/21
Emily in Paris: Season 1: Faux Amis,3/1/21
Emily in Paris: Season 1: A Kiss Is Just a Kiss,3/1/21
Spotlight,2/28/21
Emily in Paris: Season 1: Sexy or Sexist,2/27/21
Emily in Paris: Season 1: Masculin Féminin,2/27/21
Emily in Paris: Season 1: Emily in Paris,2/27/21
To All The Boys: Always And Forever,2/25/21
Bling Empire: Season 1: Will You Marry Me?,2/24/21
Bling Empire: Season 1: Kevin and Kane Take Charleston,2/24/21
Bling Empire: Season 1: The Other Side,2/23/21
Bling Empire: Season 1: Private Lies,2/23/21
Crime Scene: The Vanishing at the Cecil Hotel: Season 1: Lost in Los Angeles,2/19/21
Crime Scene: The Vanishing at the Cecil Hotel: Season 1: The Hard Truth,2/19/21
iCarly: Season 2: iBeat the Heat,2/19/21
iCarly: Season 2: iMove Out,2/19/21
iCarly: Season 2: iBelieve in Bigfoot,2/19/21
iCarly: Season 2: iSpace Out,2/19/21
iCarly: Season 2: iWon't Cancel the Show,2/19/21
Jeopardy!: Season 34: Episode #7634,2/19/21
Jeopardy!: Season 34: Episode #7633,2/19/21
Jeopardy!: Season 34: Episode #7632,2/18/21
Jeopardy!: Season 34: Episode #7597,2/18/21
iCarly: Season 2: iWas a Pageant Girl,2/18/21
Malcolm & Marie,2/18/21
iCarly: Season 2: iFind Lewbert's Lost Love,2/18/21
iCarly: Season 2: iEnrage Gibby,2/18/21
iCarly: Season 2: iSaved Your Life,2/18/21
iCarly: Season 2: iFix a Pop Star,2/18/21
iCarly: Season 2: iSpeed Date,2/17/21
iCarly: Season 2: iHave My Principals,2/17/21
iCarly: Season 2: iMust Have Locker 239,2/17/21
iCarly: Season 2: iThink They Kissed,2/17/21
iCarly: Season 2: iTake on Dingo,2/17/21
iCarly: Season 2: iTwins,2/17/21
iCarly: Season 2: iCarly Awards,2/17/21
iCarly: Season 2: iWant My Website Back,2/16/21
New Girl: Season 6: Single and Sufficient,2/16/21
A Walk to Remember,2/16/21
New Girl: Season 5: Dress,2/16/21
iCarly: Season 2: iReunite with Missy,2/16/21
iCarly: Season 2: iMake Sam Girlier,2/16/21
iCarly: Season 2: iRocked the Vote,2/15/21
iCarly: Season 2: i Go Nuclear,2/15/21
iCarly: Season 2: iLook Alike,2/15/21
iCarly: Season 2: iMeet Fred,2/15/21
iCarly: Season 2: iGive Away a Car,2/15/21
Narcos: Season 1: La Catedral,2/15/21
Bling Empire: Season 1: Beverly Hills Heartbreak,2/14/21
Narcos: Season 1: La Gran Mentira,2/14/21
Jeopardy!: Season 33: Episode #7535,2/14/21
Narcos: Season 1: You Will Cry Tears of Blood,2/14/21
Narcos: Season 1: Explosivos,2/14/21
Narcos: Season 1: There Will Be a Future,2/14/21
Narcos: Season 1: The Palace in Flames,2/14/21
Narcos: Season 1: The Men of Always,2/14/21
Narcos: Season 1: The Sword of Simón Bolívar,2/14/21
Narcos: Season 1: Descenso,2/14/21
Crime Scene: The Vanishing at the Cecil Hotel: Season 1: Down the Rabbit Hole,2/13/21
Crime Scene: The Vanishing at the Cecil Hotel: Season 1: Secrets of the Cecil,2/13/21
Chef,2/10/21
Reign: Season 1: A Chill in the Air,2/4/21
Bling Empire: Season 1: What's in Anna's Shower?,2/1/21
Bling Empire: Season 1: Necklacegate 90210,2/1/21
"BONDING: Season 1: Old Friends, New Names",2/1/21
Our Planet: Season 1: From Deserts to Grasslands,2/1/21
Our Planet: Season 1: Coastal Seas,2/1/21
Our Planet: Season 1: Jungles,2/1/21
Our Planet: Season 1: Frozen Worlds,2/1/21
Our Planet: Season 1: One Planet,2/1/21
"Attack on Titan: Season 1: Still Can't See: Prelude to the Counterattack, Part 1",2/1/21
"New Girl: Season 5: Sam, Again",1/31/21
Fate: The Winx Saga: Season 1: A Fanatic Heart,1/29/21
Fate: The Winx Saga: Season 1: Wither Into the Truth,1/29/21
The Social Dilemma,1/29/21
The Ripper: Limited Series: Once Upon a Time in Yorkshire,1/29/21
Fate: The Winx Saga: Season 1: Some Wrecked Angel,1/27/21
Fate: The Winx Saga: Season 1: Heavy Mortal Hopes,1/27/21
Fate: The Winx Saga: Season 1: No Strangers Here,1/27/21
Fate: The Winx Saga: Season 1: To the Waters and the Wild,1/26/21
Night Stalker: The Hunt for a Serial Killer: Limited Series: Devil in the City of Angels,1/25/21
Night Stalker: The Hunt for a Serial Killer: Limited Series: Manhunt,1/25/21
"Attack on Titan: Season 1: Primal Desires: Battle of Trost District, Part 9",1/25/21
Bridgerton: Season 1: After the Rain,1/25/21
Bridgerton: Season 1: Oceans Apart,1/25/21
Bridgerton: Season 1: Swish,1/25/21
Bridgerton: Season 1: The Duke and I,1/25/21
Bridgerton: Season 1: An Affair of Honor,1/25/21
Bridgerton: Season 1: Art of the Swoon,1/25/21
Night Stalker: The Hunt for a Serial Killer: Limited Series: Lock. Your. Doors.,1/24/21
"Attack on Titan: Season 1: Wound: Battle of Trost District, Part 8",1/23/21
"Attack on Titan: Season 1: Icon: Battle of Trost District, Part 7",1/23/21
"Attack on Titan: Season 1: Answer: Battle of Trost District, Part 6",1/23/21
Naruto: Season 4: Focal Point: The Mark of the Leaf,1/23/21
Naruto: Season 4: Keep on Training: Pop Goes the Water Balloon!,1/23/21
Naruto: Season 4: A New Training Begins: I Will Be Strong!,1/23/21
The Magicians: Season 1: The Source of Magic,1/21/21
The Magicians: Season 1: Unauthorized Magic,1/21/21
New Girl: Season 5: D-Day,1/21/21
New Girl: Season 5: The Apartment,1/21/21
New Girl: Season 5: Goosebumps Walkaway,1/21/21
New Girl: Season 5: Heat Wave,1/21/21
New Girl: Season 5: The Decision,1/21/21
New Girl: Season 5: Wig,1/21/21
New Girl: Season 5: Reagan,1/20/21
New Girl: Season 5: Bob & Carol & Nick & Schmidt,1/20/21
New Girl: Season 5: No Girl,1/20/21
New Girl: Season 5: Jury Duty,1/20/21
New Girl: Season 5: What About Fred,1/20/21
New Girl: Season 5: Big Mama P,1/20/21
"Attack on Titan: Season 1: Where the Left Arm Went: Battle of Trost District, Part 5",1/19/21
Bridgerton: Season 1: Diamond of the First Water,1/19/21
"Attack on Titan: Season 1: Hearing the Heartbeat: Battle of Trost District, Part 4",1/19/21
"Attack on Titan: Season 1: The Small Blade: Battle of Trost District, Part 3",1/19/21
"Attack on Titan: Season 1: The World She Saw: Battle of Trost District, Part 2",1/19/21
"Attack on Titan: Season 1: First Battle: Battle of Trost District, Part 1",1/19/21
"Attack on Titan: Season 1: Night of the Graduation Ceremony: Humanity Rises Again, Part 2",1/19/21
"Attack on Titan: Season 1: A Dim Light in the Darkness of Despair: Humanity Rises Again, Part 1",1/19/21
"Attack on Titan: Season 1: That Day: The Fall of Shiganshina, Part 2",1/19/21
"Attack on Titan: Season 1: To You, After 2,000 Years: The Fall of Shiganshina, Part 1",1/19/21
New Girl: Season 4: Panty Gate,1/18/21
Shrek the Musical,1/17/21
Medici: Masters of Florence: Original Sin,1/17/21
Lupin: Part 1: Chapter 5,1/17/21
New Girl: Season 4: Dice,1/17/21
New Girl: Season 4: Clean Break,1/17/21
New Girl: Season 4: The Last Wedding,1/17/21
Bridgerton: Season 1: Shock and Delight,1/16/21
Catch Me If You Can,1/16/21
Night Stalker: The Hunt for a Serial Killer: Limited Series: Anyone Could Be Next,1/16/21
Bill Burr: Paper Tiger,1/14/21
Lupin: Part 1: Chapter 4,1/14/21
Lupin: Part 1: Chapter 3,1/14/21
Avatar: The Last Airbender: Book 1: Bato of the Water Tribe,1/13/21
Avatar: The Last Airbender: Book 1: The Fortune-Teller,1/13/21
Lupin: Part 1: Chapter 2,1/13/21
Avatar: The Last Airbender: Book 1: The Blue Spirit,1/13/21
Avatar: The Last Airbender: Book 1: The Storm,1/13/21
Lupin: Part 1: Chapter 1,1/12/21
Cobra Kai: Season 3: December 19,1/11/21
Cobra Kai: Season 3: Feel the Night,1/11/21
"Attack on Titan: Season 1: Wall: Raid on Stohess District, Part 3",1/11/21
"Attack on Titan: Season 1: Mercy: Raid on Stohess District, Part 2",1/11/21
"Attack on Titan: Season 1: Smile: Raid on Stohess District, Part 1",1/11/21
"Attack on Titan: Season 1: The Defeated: 57th Expedition Beyond the Walls, Part 6",1/11/21
"Attack on Titan: Season 1: Crushing Blow: 57th Expedition Beyond the Walls, Part 5",1/11/21
"Attack on Titan: Season 1: Erwin Smith: 57th Expedition Beyond the Walls, Part 4",1/11/21
"Attack on Titan: Season 1: Bite: 57th Expedition Beyond the Walls, Part 3",1/11/21
"Attack on Titan: Season 1: Forest of Giant Trees: 57th Expedition Beyond the Walls, Part 2",1/11/21
"Cobra Kai: Season 3: The Good, The Bad, and The Badass",1/11/21
Cobra Kai: Season 3: Obstáculos,1/11/21
Cobra Kai: Season 3: King Cobra,1/11/21
Cobra Kai: Season 3: Miyagi-Do,1/11/21
"Attack on Titan: Season 1: Female Titan: 57th Expedition Beyond the Walls, Part 1",1/10/21
"Attack on Titan: Season 1: What Should be Done: Prelude to the Counterattack, Part 3",1/10/21
Cobra Kai: Season 3: The Right Path,1/10/21
Cobra Kai: Season 3: Now You’re Gonna Pay,1/10/21
Cobra Kai: Season 3: Nature Vs. Nurture,1/10/21
Cobra Kai: Season 3: Aftermath,1/10/21
Cobra Kai: Season 2: No Mercy,1/9/21
Molly's Game,1/9/21
Cobra Kai: Season 2: Pulpo,1/9/21
Cobra Kai: Season 2: Glory of Love,1/9/21
"Attack on Titan: Season 1: Special Operations Squad: Prelude to the Counterattack, Part 2",1/8/21
Cobra Kai: Season 2: Lull,1/8/21
Cobra Kai: Season 2: Take a Right,1/8/21
Cobra Kai: Season 2: All In,1/8/21
Cobra Kai: Season 2: The Moment of Truth,1/7/21
Cobra Kai: Season 2: Fire and Ice,1/7/21
Cobra Kai: Season 2: Back in Black,1/7/21
"Cobra Kai: Season 2: Mercy, Part II",1/7/21
Cobra Kai: Season 1: Mercy,1/7/21
Cobra Kai: Season 1: Different But Same,1/7/21
Cobra Kai: Season 1: Molting,1/7/21
Cobra Kai: Season 1: All Valley,1/7/21
Cobra Kai: Season 1: Quiver,1/7/21
Cobra Kai: Season 1: Counterbalance,1/7/21
Searching for Bobby Fischer,1/7/21
Cobra Kai: Season 1: Cobra Kai Never Dies,1/7/21
Cobra Kai: Season 1: Esqueleto,1/7/21
Cobra Kai: Season 1: Strike First,1/6/21
Cobra Kai: Season 1: Ace Degenerate,1/6/21
Chilling Adventures of Sabrina: Part 4: Chapter Thirty-Six: At the Mountains of Madness,1/6/21
Chilling Adventures of Sabrina: Part 4: Chapter Thirty-Five: The Endless,1/6/21
Chilling Adventures of Sabrina: Part 4: Chapter Thirty-Four: The Returned,1/6/21
Chilling Adventures of Sabrina: Part 4: Chapter Thirty-Three: Deus Ex Machina,1/5/21
Chilling Adventures of Sabrina: Part 4: Chapter Thirty-Two: The Imp of the Perverse,1/5/21
Chilling Adventures of Sabrina: Part 4: Chapter Thirty-One: The Weird,1/5/21
Chilling Adventures of Sabrina: Part 4: Chapter Thirty: The Uninvited,1/4/21
Chilling Adventures of Sabrina: Part 1: Chapter Nine: The Returned Man,1/4/21
Virgin River: Season 2: Blown Away,12/29/20
Kakegurui: Episode 1,12/28/20
Virgin River: Season 2: Hazards Ahead,12/28/20
Virgin River: Season 2: Blindspots,12/28/20
Virgin River: Season 2: Breaking Point,12/28/20
Virgin River: Season 2: Out of the Past,12/27/20
Virgin River: Season 2: Can’t Let Go,12/27/20
Virgin River: Season 2: Rumor Has It,12/27/20
Virgin River: Season 2: The Morning After,12/27/20
Grey's Anatomy: Season 2: As We Know It,12/26/20
Grey's Anatomy: Season 5: Rise Up,12/26/20
Virgin River: Season 2: Taken by Surprise,12/26/20
Virgin River: Season 2: New Beginnings,12/26/20
Virgin River: Season 1: Unexpected Endings,12/25/20
Virgin River: Season 1: Everybody Has a Secret,12/25/20
Virgin River: Season 1: Into the Light,12/25/20
Virgin River: Season 1: If Truth Be Told,12/24/20
28 Days,12/23/20
Virgin River: Season 1: Let's Mingle,12/21/20
Virgin River: Season 1: Under Fire,12/20/20
Virgin River: Season 1: Lost,12/20/20
Ava,12/17/20
Lucifer: Season 3: The Sinnerman,12/16/20
Lucifer: Season 3: Chloe Does Lucifer,12/16/20
Lucifer: Season 3: Off the Record,12/16/20
Lucifer: Season 3: Vegas with Some Radish,12/16/20
"Lucifer: Season 3: Welcome Back, Charlotte Richards",12/16/20
Lucifer: Season 3: What Would Lucifer Do?,12/16/20
Lucifer: Season 3: Mr. and Mrs. Mazikeen Smith,12/16/20
Lucifer: Season 3: The One with the Baby Carrot,12/16/20
"Lucifer: Season 3: They're Back, Aren't They?",12/15/20
How the Grinch Stole Christmas,12/15/20
Selena: The Series: Part 1: Fideo,12/13/20
Selena: The Series: Part 1: My Love,12/13/20
The Queen's Gambit: Limited Series: Openings,12/12/20
Selena: The Series: Part 1: Dulce Amor,12/11/20
Selena: The Series: Part 1: Opening Act,12/9/20
Selena: The Series: Part 1: And the Winner is...,12/9/20
Selena: The Series: Part 1: Dame Un Beso,12/8/20
Selena: The Series: Part 1: Daydream,12/8/20
Virgin River: Season 1: Carry On,12/5/20
American Horror Story: 1984: Camp Redwood,12/4/20
The Queen's Gambit: Limited Series: End Game,12/3/20
Talking Tom and Friends: Season 2: Forgotten Kiss,12/3/20
Reign: Season 1: Kissed,12/3/20
The Queen's Gambit: Limited Series: Adjournment,12/3/20
Reign: Season 1: Snakes in the Garden,12/3/20
Reign: Season 1: Pilot,12/3/20
If Anything Happens I Love You,12/2/20
The Queen's Gambit: Limited Series: Fork,12/2/20
The Queen's Gambit: Limited Series: Middle Game,12/2/20
The Crown: Season 1: Scientia Potentia Est,12/1/20
The Crown: Season 1: Gelignite,12/1/20
The Queen's Gambit: Limited Series: Doubled Pawns,12/1/20
The Queen's Gambit: Limited Series: Exchanges,12/1/20
H2O: Just Add Water: Season 1: Bad Moon Rising,11/30/20
The 100: Season 7: The Last War,11/30/20
H2O: Just Add Water: Season 1: Under the Weather,11/30/20
The 100: Season 7: The Dying of the Light,11/29/20
The 100: Season 7: A Sort of Homecoming,11/29/20
The 100: Season 7: Blood Giant,11/29/20
The 100: Season 7: The Stranger,11/29/20
Kevin Hart: Zero F**ks Given,11/29/20
The 100: Season 7: Etherea,11/29/20
The Crown: Season 1: Gloriana,11/27/20
The Crown: Season 1: Assassins,11/27/20
The Crown: Season 1: Smoke and Mirrors,11/27/20
The Crown: Season 1: Act of God,11/27/20
The 100: Season 7: A Little Sacrifice,11/27/20
The Crown: Season 1: Windsor,11/26/20
The Crown: Season 1: Hyde Park Corner,11/26/20
The Crown: Season 1: Wolferton Splash,11/26/20
The 100: Season 7: The Flock,11/26/20
The 100: Season 7: Anaconda,11/26/20
The 100: Season 7: The Queen's Gambit,11/26/20
The 100: Season 7: Nakara,11/24/20
The 100: Season 7: Welcome to Bardo,11/24/20
The 100: Season 7: Hesperides,11/24/20
The 100: Season 7: False Gods,11/24/20
The 100: Season 7: The Garden,11/24/20
The 100: Season 7: From the Ashes,11/23/20
The 100: Season 6: The Blood of Sanctum,11/23/20
Jane The Virgin: Season 5: Chapter One Hundred,11/23/20
Jane The Virgin: Season 5: Chapter Ninety-Nine,11/23/20
Jane The Virgin: Season 5: Chapter Ninety-Eight,11/23/20
Jane The Virgin: Season 5: Chapter Ninety-Seven,11/22/20
Jane The Virgin: Season 5: Chapter Ninety-Six,11/21/20
Jane The Virgin: Season 5: Chapter Ninety-Five,11/21/20
Jane The Virgin: Season 5: Chapter Ninety-Four,11/21/20
Jane The Virgin: Season 5: Chapter Ninety-Three,11/20/20
Troy,11/20/20
Jane The Virgin: Season 5: Chapter Ninety-Two,11/19/20
Jane The Virgin: Season 5: Chapter Ninety-One,11/19/20
Jane The Virgin: Season 5: Chapter Ninety,11/18/20
Jane The Virgin: Season 5: Chapter Eighty-Nine,11/17/20
Jane The Virgin: Season 5: Chapter Eighty-Eight,11/17/20
Jane The Virgin: Season 5: Chapter Eighty-Seven,11/17/20
Jane The Virgin: Season 5: Chapter Eighty-Six,11/16/20
Jane The Virgin: Season 5: Chapter Eighty-Five,11/16/20
Jane The Virgin: Season 5: Chapter Eighty-Four,11/16/20
Jane The Virgin: Season 5: Chapter Eighty-Three,11/15/20
Jane The Virgin: Season 4: Chapter Eighty-One,11/15/20
Jane The Virgin: Season 4: Chapter Eighty,11/15/20
The King,11/11/20
Jane The Virgin: Season 4: Chapter Seventy-Nine,11/11/20
Jane The Virgin: Season 4: Chapter Seventy-Eight,11/11/20
Jane The Virgin: Season 4: Chapter Seventy-Seven,11/10/20
Jane The Virgin: Season 4: Chapter Seventy-Six,11/10/20
Haikyu!!: The Formidable Ally,11/10/20
Jane The Virgin: Season 4: Chapter Seventy-Five,11/8/20
How to Get Away With Murder: Season 2: Something Bad Happened,11/8/20
How to Get Away With Murder: Season 4: Lahey v. Commonwealth of Pennsylvania,11/8/20
How to Get Away With Murder: Season 6: Vivian's Here,11/8/20
How to Get Away With Murder: Season 6: Say Goodbye,11/8/20
How to Get Away With Murder: Season 1: Pilot,11/8/20
Jane The Virgin: Season 4: Chapter Seventy-Four,11/7/20
Jane The Virgin: Season 4: Chapter Seventy-Three,11/7/20
Jane The Virgin: Season 4: Chapter Seventy-Two,11/6/20
Ricky Gervais: Humanity,11/6/20
Jane The Virgin: Season 4: Chapter Seventy-One,11/6/20
Jane The Virgin: Season 4: Chapter Seventy,11/6/20
Chappelle's Show: Season 1: PopCopy & Clayton Bigsby,11/5/20
Jane The Virgin: Season 4: Chapter Sixty-Nine,11/4/20
Knock Knock,11/3/20
Jane The Virgin: Season 4: Chapter Sixty-Eight,11/3/20
Jane The Virgin: Season 4: Chapter Sixty-Seven,11/2/20
Jane The Virgin: Season 4: Chapter Sixty-Six,11/2/20
Jane The Virgin: Season 4: Chapter Sixty-Five,10/30/20
Jane The Virgin: Season 3: Chapter Sixty-Four,10/29/20
Jane The Virgin: Season 3: Chapter Sixty-Three,10/29/20
Jane The Virgin: Season 3: Chapter Sixty-Two,10/29/20
Jane The Virgin: Season 3: Chapter Sixty-One,10/29/20
Jane The Virgin: Season 3: Chapter Sixty,10/29/20
Jane The Virgin: Season 3: Chapter Fifty-Nine,10/28/20
Jane The Virgin: Season 3: Chapter Fifty-Eight,10/28/20
Sleepy Hollow,10/28/20
Jane The Virgin: Season 3: Chapter Fifty-Seven,10/27/20
Jane The Virgin: Season 3: Chapter Fifty-Six,10/26/20
Jane The Virgin: Season 3: Chapter Fifty-Five,10/26/20
Jane The Virgin: Season 3: Chapter Fifty-Four,10/25/20
Jane The Virgin: Season 3: Chapter Fifty-Three,10/23/20
Jane The Virgin: Season 3: Chapter Fifty-Two,10/22/20
Jane The Virgin: Season 3: Chapter Fifty-One,10/22/20
Jane The Virgin: Season 3: Chapter Fifty,10/21/20
Jane The Virgin: Season 3: Chapter Forty-Nine,10/21/20
Jane The Virgin: Season 3: Chapter Forty-Eight,10/21/20
Jane The Virgin: Season 3: Chapter Forty-Seven,10/20/20
Jane The Virgin: Season 3: Chapter Forty-Six,10/20/20
Jane The Virgin: Season 3: Chapter Forty-Five,10/20/20
Jane The Virgin: Season 2: Chapter Forty-Four,10/20/20
Jane The Virgin: Season 2: Chapter Forty-Three,10/20/20
Jane The Virgin: Season 2: Chapter Forty-Two,10/20/20
Jane The Virgin: Season 2: Chapter Forty-One,10/19/20
Jane The Virgin: Season 2: Chapter Forty,10/19/20
Jane The Virgin: Season 2: Chapter Thirty-Nine,10/19/20
Jane The Virgin: Season 2: Chapter Thirty-Eight,10/15/20
Jane The Virgin: Season 2: Chapter Thirty-Seven,10/15/20
Jane The Virgin: Season 2: Chapter Thirty-Six,10/13/20
Jane The Virgin: Season 2: Chapter Thirty-Five,10/11/20
Jane The Virgin: Season 2: Chapter Thirty-Four,10/7/20
Jane The Virgin: Season 2: Chapter Thirty-Three,10/7/20
Jane The Virgin: Season 2: Chapter Thirty-Two,10/5/20
Jane The Virgin: Season 2: Chapter Thirty-One,10/5/20
Jane The Virgin: Season 2: Chapter Thirty,9/30/20
Jane The Virgin: Season 2: Chapter Twenty-Nine,9/30/20
Jane The Virgin: Season 2: Chapter Twenty-Eight,9/30/20
Jane The Virgin: Season 2: Chapter Twenty-Seven,9/30/20
Jane The Virgin: Season 2: Chapter Twenty-Six,9/29/20
Jane The Virgin: Season 2: Chapter Twenty-Five,9/29/20
Jane The Virgin: Season 2: Chapter Twenty-Four,9/28/20
New Girl: Season 2: Fluffer,9/28/20
New Girl: Season 2: Katie,9/28/20
New Girl: Season 2: Re-Launch,9/28/20
Casino Royale,9/27/20
The Devil All The Time,9/26/20
Jane The Virgin: Season 1: Chapter One: Pilot,9/25/20
Ratched: Season 1: Mildred and Edmund,9/24/20
Ratched: Season 1: The Bucket List,9/24/20
Ratched: Season 1: Got No Strings,9/23/20
The Umbrella Academy: Season 2: The End of Something,9/17/20
Zodiac,9/16/20
Gerald's Game,9/14/20
Nightcrawler,9/10/20
Quantum of Solace,9/1/20
Django Unchained,8/31/20
Lucifer: Season 5: Lucifer! Lucifer! Lucifer!,8/28/20
"Lucifer: Season 1: Et Tu, Doctor?",8/28/20
Ocean's Thirteen,8/26/20
The Legend of Korra: Book One: Air: The Voice in the Night,8/25/20
The Legend of Korra: Book One: Air: The Revelation,8/25/20
Abstract: The Art of Design: Season 2: Olafur Eliasson: The Design of Art,8/23/20
Avatar: The Last Airbender: Book 1: The Deserter,8/23/20
The Legend of Korra: Book One: Air: A Leaf in the Wind,8/23/20
The Legend of Korra: Book One: Air: Welcome to Republic City,8/23/20
Ocean's Twelve,8/20/20
Tom Segura: Ball Hog,8/18/20
Bill Burr: Walk Your Way Out,8/17/20
Altered Carbon: Season 1: Out of the Past,8/14/20
Altered Carbon: Season 2: Nightmare Alley,8/11/20
Altered Carbon: Season 2: Payment Deferred,8/11/20
The Club: Season 1: MF,8/11/20
The Club: Season 1: MEDITATION AND SCREW YOU,8/9/20
The Club: Season 1: MERE COINCIDENCE,8/9/20
The Club: Season 1: MONKEY BUSINESS,8/9/20
The Club: Season 1: MDMBeciles,8/8/20
The Club: Season 1: MISSION: COMPLICATED,8/8/20
The Club: Season 1: MDMA AND BAD IDEAS,8/8/20
Altered Carbon: Season 2: Phantom Lady,8/6/20
Tom Segura: Mostly Stories,8/6/20
Altered Carbon: Season 1: The Killers,8/5/20
Tom Segura: Disgraceful,8/4/20
Altered Carbon: Season 1: Rage in Heaven,8/3/20
Altered Carbon: Season 1: Clash by Night,8/3/20
Altered Carbon: Season 1: Nora Inu,8/3/20
Altered Carbon: Season 1: The Wrong Man,8/3/20
Altered Carbon: Season 1: Man with My Face,8/3/20
The Office (U.S.): Season 6: The Meeting,8/3/20
Altered Carbon: Season 1: Force of Evil,8/1/20
Altered Carbon: Season 1: In a Lonely Place,8/1/20
Altered Carbon: Season 1: Fallen Angel,8/1/20
Bert Kreischer: Hey Big Boy,7/24/20
The Last Dance: Season 1: Episode X,7/22/20
The Last Dance: Season 1: Episode IX,7/22/20
The Last Dance: Season 1: Episode VIII,7/22/20
The Last Dance: Season 1: Episode VII,7/21/20
The Last Dance: Season 1: Episode VI,7/21/20
The Last Dance: Season 1: Episode V,7/21/20
The Last Dance: Season 1: Episode IV,7/20/20
The Last Dance: Season 1: Episode III,7/20/20
The Last Dance: Season 1: Episode II,7/20/20
The Last Dance: Season 1: Episode I,7/19/20
Jeopardy!: Celebrate Alex Collection: Episode #4624,7/18/20
Jeopardy!: Celebrate Alex Collection: Episode #4194,7/18/20
Lucifer: Season 1: Wingman,7/18/20
Ali,7/18/20
Jeopardy!: Cindy Stowell Collection: Episode #7425,7/17/20
Jeopardy!: Cindy Stowell Collection: Episode #7424,7/17/20
Jeopardy!: Cindy Stowell Collection: Episode #7426,7/16/20
Jeopardy!: Seth Wilson Collection: Episode #7361,7/16/20
Jeopardy!: Seth Wilson Collection: Episode #7363,7/16/20
Jeopardy!: Celebrate Alex Collection: Episode #6676,7/16/20
Jeopardy!: Seth Wilson Collection: Episode #7371,7/16/20
Jeopardy!: Celebrate Alex Collection: Episode #6758,7/16/20
Jeopardy!: Celebrate Alex Collection: Episode #6781,7/16/20
Jeopardy!: Celebrate Alex Collection: Episode #6994,7/16/20
Jeopardy!: Celebrate Alex Collection: Episode #7461,7/16/20
Jeopardy!: Celebrate Alex Collection: Episode #7499,7/16/20
Jeopardy!: Celebrate Alex Collection: Episode #7565,7/16/20
Jeopardy!: Seth Wilson Collection: Episode #7369,7/16/20
Jeopardy!: Seth Wilson Collection: Episode #7368,7/16/20
Jeopardy!: Seth Wilson Collection: Episode #7366,7/16/20
The Lincoln Lawyer,7/16/20
Lucifer: Season 1: Favorite Son,7/16/20
Lucifer: Season 1: Sweet Kicks,7/15/20
Lucifer: Season 1: Manly Whatnots,7/15/20
Lucifer: Season 1: The Would-Be Prince of Darkness,7/15/20
The Old Guard,7/13/20
New Girl: Season 5: A Chill Day In,7/11/20
New Girl: Season 5: Road Trip,7/11/20
Airplane!,7/10/20
Nacho Libre,7/10/20
George Lopez: We'll Do It For Half,7/7/20
The Devil's Advocate,7/7/20
"Norm Macdonald: Hitler's Dog, Gossip & Trickery",7/2/20
Norm Macdonald Has a Show: Season 1: David Spade,7/2/20
Lil Peep: Everybody’s Everything,7/1/20
Athlete A,6/28/20
Love,6/28/20
Avatar: The Last Airbender: Book 3: Sozin's Comet,6/27/20
Avatar: The Last Airbender: Book 3: The Ember Island Players,6/27/20
Avatar: The Last Airbender: Book 3: The Southern Raiders,6/26/20
Avatar: The Last Airbender: Book 3: The Boiling Rock,6/24/20
Avatar: The Last Airbender: Book 3: The Firebending Masters,6/23/20
Avatar: The Last Airbender: Book 3: The Western Air Temple,6/23/20
Avatar: The Last Airbender: Book 3: Day of the Black Sun,6/23/20
Avatar: The Last Airbender: Book 3: Nightmares and Daydreams,6/23/20
"Lucifer: Season 1: Lucifer, Stay. Good Devil.",6/21/20
Lucifer: Season 1: Pilot,6/21/20
Naruto: Season 4: Hate Among the Uchihas: The Last of the Clan!,6/18/20
"Naruto: Season 4: Roar, Chidori! Brother vs. Brother!",6/18/20
365 Days,6/17/20
Naruto: Season 3: Astonishing Truth! Gaara's Identity Emerges!,6/16/20
Naruto: Season 3: Forbidden Secret Technique: Reaper Death Seal!,6/16/20
Naruto: Season 3: A Mistake from the Past: A Face Revealed!,6/16/20
Naruto: Season 3: An Unrivaled Match: Hokage Battle Royale!,6/15/20
Naruto: Season 3: A Shirker's Call to Action: Layabout No More!,6/15/20
Naruto: Season 3: Village in Distress: A New A-Ranked Mission!,6/15/20
Naruto: Season 3: Zero Hour! The Destruction of the Hidden Leaf Village Begins!,6/15/20
Avatar: The Last Airbender: Book 3: The Puppetmaster,6/13/20
Avatar: The Last Airbender: Book 3: The Runaway,6/13/20
The Midnight Gospel: Season 1: Officers and Wolves,6/13/20
Avatar: The Last Airbender: Book 3: The Avatar and the Firelord,6/12/20
Snowpiercer,6/12/20
Avatar: The Last Airbender: Book 3: The Beach,6/12/20
Avatar: The Last Airbender: Book 3: Sokka's Master,6/12/20
Avatar: The Last Airbender: Book 3: The Painted Lady,6/12/20
Hannibal: Season 1: Apéritif,6/12/20
Avatar: The Last Airbender: Book 3: The Headband,6/11/20
Avatar: The Last Airbender: Book 3: The Awakening,6/11/20
The Midnight Gospel: Season 1: Taste of the King,6/9/20
Den of Thieves,6/9/20
V for Vendetta,6/9/20
Avatar: The Last Airbender: Book 2: The Earth King,6/8/20
Avatar: The Last Airbender: Book 2: Lake Laogai,6/7/20
Avatar: The Last Airbender: Book 2: Appa's Lost Days,6/7/20
Avatar: The Last Airbender: Book 2: Tales of Ba Sing Se,6/7/20
Avatar: The Last Airbender: Book 2: City of Walls and Secrets,6/7/20
Grey's Anatomy: Season 5: Life During Wartime,6/6/20
Grey's Anatomy: Season 5: There's No 'I' In Team,6/6/20
Grey's Anatomy: Season 5: Brave New World,6/6/20
Avatar: The Last Airbender: Book 2: The Desert,6/5/20
Avatar: The Last Airbender: Book 2: The Library,6/5/20
Avatar: The Last Airbender: Book 2: Bitter Work,6/5/20
Avatar: The Last Airbender: Book 2: The Chase,6/5/20
Avatar: The Last Airbender: Book 2: Zuko Alone,6/5/20
Avatar: The Last Airbender: Book 2: The Blind Bandit,6/5/20
Avatar: The Last Airbender: Book 2: Avatar Day,6/5/20
Avatar: The Last Airbender: Book 2: The Swamp,6/4/20
Avatar: The Last Airbender: Book 2: Return to Omashu,6/4/20
Avatar: The Last Airbender: Book 2: The Cave of Two Lovers,6/4/20
Avatar: The Last Airbender: Book 2: The Avatar State,6/4/20
Avatar: The Last Airbender: Book 1: The Siege of the North: Part 2,6/4/20
Avatar: The Last Airbender: Book 1: The Siege of the North: Part 1,6/4/20
Avatar: The Last Airbender: Book 1: The Waterbending Master,6/3/20
Grey's Anatomy: Season 5: Here Comes The Flood,6/3/20
Grey's Anatomy: Season 5: Dream A Little Dream Of Me: Part 2,6/2/20
Grey's Anatomy: Season 5: Dream A Little Dream Of Me: Part 1,6/2/20
Avatar: The Last Airbender: Book 1: The Northern Air Temple,6/2/20
Avatar: The Last Airbender: Book 1: The Great Divide,6/1/20
Avatar: The Last Airbender: Book 1: Jet,6/1/20
Avatar: The Last Airbender: Book 1: The Waterbending Scroll,5/31/20
Avatar: The Last Airbender: Book 1: Winter Solstice: Part 2: Avatar Roku,5/31/20
Avatar: The Last Airbender: Book 1: Winter Solstice: Part 1: The Spirit World,5/31/20
Peaky Blinders: Season 1: Episode 2,5/31/20
Jeffrey Epstein: Filthy Rich: Limited Series: Finding Their Voice,5/29/20
Jeffrey Epstein: Filthy Rich: Limited Series: The Island,5/29/20
Jeffrey Epstein: Filthy Rich: Limited Series: Follow the Money,5/28/20
Jeffrey Epstein: Filthy Rich: Limited Series: Hunting Grounds,5/28/20
Uncut Gems,5/27/20
Public Enemies,5/23/20
Avatar: The Last Airbender: Book 1: Imprisoned,5/23/20
Avatar: The Last Airbender: Book 1: The King of Omashu,5/23/20
Avatar: The Last Airbender: Book 1: The Warriors of Kyoshi,5/23/20
Avatar: The Last Airbender: Book 1: The Southern Air Temple,5/21/20
Avatar: The Last Airbender: Book 1: The Avatar Returns,5/21/20
Avatar: The Last Airbender: Book 1: The Boy in the Iceberg,5/21/20
Money Heist: Part 1: Episode 1,5/21/20
Devilman Crybaby: Limited Series: Beautiful Silene,5/20/20
"Devilman Crybaby: Limited Series: Come, Akira",5/20/20
Taxi Driver,5/12/20
"Too Hot to Handle: Season 1: Love, Sex or Money",5/10/20
Dark: Season 1: Past and Present,5/9/20
Dark: Season 1: Lies,5/9/20
Dark: Season 1: Secrets,5/8/20
Devilman Crybaby: Limited Series: Believe Me!,5/5/20
Devilman Crybaby: Limited Series: One Hand Is Enough,5/5/20
Devilman Crybaby: Limited Series: I Need You,5/5/20
Mad Men: Season 1: The Wheel,4/30/20
Extraction,4/25/20
Spring Breakers,4/25/20
Chris D'Elia: No Pain,4/22/20
Neon Genesis Evangelion: Season 1: The Silent Phone,4/14/20
Neon Genesis Evangelion: Season 1: Unfamiliar Ceilings,4/14/20
Neon Genesis Evangelion: Season 1: Angel Attack,4/14/20
American Assassin,4/14/20
Castlevania: Season 3: Investigators,4/6/20
Castlevania: Season 3: The Reparation of My Heart,4/6/20
Castlevania: Season 2: End Times,4/4/20
"Tiger King: Murder, Mayhem and Madness: Limited Series: Make America Exotic Again",4/1/20
"Tiger King: Murder, Mayhem and Madness: Limited Series: Playing with Fire",4/1/20
"Tiger King: Murder, Mayhem and Madness: Limited Series: The Secret",4/1/20
Castlevania: Season 2: For Love,3/30/20
Castlevania: Season 2: The River,3/29/20
Castlevania: Season 2: Last Spell,3/29/20
Castlevania: Season 2: Broken Mast,3/29/20
Castlevania: Season 2: Shadow Battles,3/29/20
Castlevania: Season 2: Old Homes,3/29/20
Castlevania: Season 2: War Council,3/29/20
Castlevania: Season 1: Monument,3/29/20
Castlevania: Season 1: Labyrinth,3/29/20
Castlevania: Season 1: Necropolis,3/29/20
Castlevania: Season 1: Witchbottle,3/29/20
Twilight,3/29/20
"Tiger King: Murder, Mayhem and Madness: Limited Series: Cult of Personality",3/29/20
Castlevania: Season 3: Bless Your Dead Little Hearts,3/28/20
Good Time,3/26/20
Chilling Adventures of Sabrina: Part 1: Chapter Eight: The Burial,3/24/20
Chilling Adventures of Sabrina: Part 1: Chapter Seven: Feast of Feasts,3/24/20
Chilling Adventures of Sabrina: Part 1: Chapter Six: An Exorcism in Greendale,3/24/20
Narcos: Mexico: Season 2: Free Trade,3/22/20
"Narcos: Mexico: Season 2: Growth, Prosperity, and Liberation",3/22/20
Narcos: Mexico: Season 2: Se Cayó El Sistema,3/22/20
Chilling Adventures of Sabrina: Part 1: Chapter Five: Dreams in a Witch House,3/22/20
Mad Men: Season 1: Ladies Room,3/19/20
Mad Men: Season 1: Smoke Gets in Your Eyes,3/19/20
Narcos: Mexico: Season 2: Truth and Reconciliation,3/19/20
Narcos: Mexico: Season 2: El Dedazo,3/19/20
Dirty Money: Season 2: The Wagon Wheel,3/16/20
Outbreak,3/16/20
Pete Davidson: Alive From New York,3/16/20
The Assassination of Gianni Versace: Season 1: Descent,3/16/20
The Assassination of Gianni Versace: Season 1: Don't Ask Don't Tell,3/16/20
The Assassination of Gianni Versace: Season 1: House by the Lake,3/16/20
Chilling Adventures of Sabrina: Part 1: Chapter Four: Witch Academy,3/10/20
Chilling Adventures of Sabrina: Part 1: Chapter Three: The Trial of Sabrina Spellman,3/8/20
Chilling Adventures of Sabrina: Part 1: Chapter Two: The Dark Baptism,3/8/20
Chilling Adventures of Sabrina: Part 1: Chapter One: October Country,3/8/20
The Interview,3/7/20
He's Just Not That Into You,3/7/20
The Assassination of Gianni Versace: Season 1: A Random Killing,3/5/20
The Assassination of Gianni Versace: Season 1: Manhunt,3/4/20
The Assassination of Gianni Versace: Season 1: The Man Who Would Be Vogue,3/3/20
Narcos: Mexico: Season 2: AFO,3/1/20